headline,summary,author,time,day,category
Some of Jhunjhunwala's best picks were in 2002 crash: Utpal Sheth,"Rare Enterprises CEO Utpal Sheth said some of the best picks of late investor Rakesh Jhunjhunwala were during the downturn of 2002-2003. The environment at that time was of despair, but valuations were strongly in favour of investors, Sheth stated. He added that Jhunjhunwala recognised that same sentiment of despair in the economy during COVID-19.",Mansi Agarwal, 05:30 pm,"Monday, 14 August, 2023",business
Pakistan suspends Russian oil imports over quality issues: Reports,"Pakistan has reportedly suspended imports of Russian crude oil over quality concerns. As per multiple reports, Pakistan refineries have refused to process Russian oil as it was producing less petrol with 20% more furnace oil than Arabian crude oil. No Russian oil ship had come to Pakistan after the last one arrived on June 26, the reports said.",Mansi Agarwal, 05:20 pm,"Monday, 14 August, 2023",business
"SEBI bars ZEE's Subhash Chandra, Goenka from boardrooms of 4 companies","SEBI barred Zee Entertainment's Subhash Chandra and Punit Goenka from boardrooms of four Zee Group companies including Zee Entertainment Ltd (ZEEL). The other three Zee group companies are Zee Media Corporation, Zee Media Corp and Zee Aakash News. The SEBI order said Goenka's conduct as ZEEL's MD and CEO was found to be in violation of norms to prevent fraud.",Pragya Swastik, 04:53 pm,"Monday, 14 August, 2023",business
"In 1989, Jhunjhunwala said India's time has come: Investor Damani","Veteran investor Ramesh Damani said late billionaire investor Rakesh Jhunjhunwala had a lot of courage and conviction. ""In 1989, he was telling me that India's time has come...[and the country] will be the third largest economy in the world,"" Damani stated. Jhunjhunwala remained bullish in India even when the market fell, he added.",Mansi Agarwal, 04:43 pm,"Monday, 14 August, 2023",business
RBI to launch public tech platform for frictionless credit,"RBI on Monday announced it will launch a pilot for a public tech platform that will enable frictionless credit on August 17. The platform, which is being developed by Reserve Bank Innovation Hub, will facilitate a seamless flow of digital information to lenders. Under the pilot, the platform will focus on products like personal and home loans through participating banks.",Mansi Agarwal, 04:20 pm,"Monday, 14 August, 2023",business
"Vodafone Idea suffers ₹7,840 crore loss in Q1","Debt-ridden telecom operator Vodafone Idea (Vi) on Monday said its consolidated net loss widened to ₹7,840 crore in the April-June quarter ended June 30, 2023. The company had posted a net loss of ₹7,295.7 crore in the same period a year ago. The company's average revenue per user (ARPU) during the quarter increased to ₹139 from ₹128 a year ago.",Pragya Swastik, 03:20 pm,"Monday, 14 August, 2023",business
Foxconn's $2-billion investment in India only a beginning: Chief,"Foxconn Chairman Young Liu, while talking about the company's plan to invest over $2 billion in India, said, ""From the perspective of India's potential market size, and if we can fully implement our plans there, the several billion dollar investment is only the beginning."" There is ""positive energy"" for the Indian market, he added.",Mansi Agarwal, 02:43 pm,"Monday, 14 August, 2023",business
India's merchandise trade deficit narrows to $20.67 bn in July,"India's merchandise trade deficit narrowed by 18.74% year-over-year to $20.67 billion in July, as per the latest government data. The country's merchandise exports dipped to $32.25 billion during the month, compared to $38.34 billion in the same period a year ago. Merchandise imports, at $52.92 billion, were also 17% lower than imports worth $63.77 billion in July 2022.",Mansi Agarwal, 02:30 pm,"Monday, 14 August, 2023",business
Sunil Munjal to quit Hero MotoCorp's top management,"Hero MotoCorp on Monday disclosed details of the promoter family settlement pact. As per the pact, Sunil Munjal exited the management of Hero MotoCorp and stepped down from the post of Joint Managing Director. Management and control of the listed entity remained vested with the family group comprising of Pawan Munjal, Santosh Munjal, Renu Munjal and Suman Kant Munjal.",Pragya Swastik, 02:21 pm,"Monday, 14 August, 2023",business
ITC investors to get 1 ITC Hotels share for 10 held in parent firm,"ITC on Monday said its board has approved a scheme of arrangement for the demerger of its hotel business. The new entity named 'ITC Hotels' will get listed on stock exchanges in about 15 months, a filing stated. Under the demerger plan, ITC shareholders will get one share in ITC Hotels for every 10 shares held in the parent company.",Mansi Agarwal, 01:36 pm,"Monday, 14 August, 2023",business
Ben Stokes likely to make retirement U-turn to play ODI World Cup 2023,"England Test captain Ben Stokes will likely make ODI retirement U-turn to play for England in upcoming ODI World Cup 2023, The Telegraph reported. Stokes would likely bat in the middle order in England’s ODI side, the report added. The report further stated that Stokes might consider missing next IPL if he needed a gap in his schedule to recover.",Anmol Sharma, 05:26 pm,"Monday, 14 August, 2023",sports
Irfan Pathan trolls Pakistani fans for celebrating India's defeat,"Former Team India all-rounder Irfan Pathan took to X (formerly known as Twitter) and trolled Pakistani fans for celebrating India's series defeat against West Indies. ""Begaani shaadi mein Abdulla deewana,"" Irfan wrote. Reacting to his post, a fan wrote, ""Chill Irfan bhai, We have to troll them in Asia Cup and World Cup too.""",Anmol Sharma, 05:17 pm,"Monday, 14 August, 2023",sports
Sexual assault accused Lamichhane named in Nepal's Asia Cup squad,"Spinner Sandeep Lamichhane, on bail in a sexual assault case, has been included in Nepal's squad for the 2023 Asia Cup. In September 2022, the 23-year-old, who was then playing in the CPL, was suspended after an arrest warrant was issued against him in Kathmandu for sexual assault. The suspension was later revoked after Lamichhane was granted bail.",Aditya Nair, 05:16 pm,"Monday, 14 August, 2023",sports
Neymar to be bought by Al-Hilal for ₹900 crore,"Saudi Arabian club Al-Hilal are set to buy PSG forward Neymar for £86 million (over ₹900 crore). Subject to a successful medical, the Brazilian will sign a two-year deal with the Riyadh-based side. Neymar had joined PSG from Barcelona in 2017. He scored 118 goals for the Parisian club.",Anmol Sharma, 05:11 pm,"Monday, 14 August, 2023",sports
Warwickshire pace duo pick 8 wkts as Worcestershire top 5 score 24,Warwickshire pacers Oliver Hannon-Dalby and Ed Barnard took eight wickets as Worcestershire Rapids were bowled out for 108 in their 50-over game. Hannon-Dalby took five wickets for 31 runs and Barnard picked three for 14 runs as the top five Worcestershire batters scored a combined 24 runs. Warwickshire won by nine wickets to remain unbeaten in the One-Day Cup.,Aditya Nair, 05:04 pm,"Monday, 14 August, 2023",sports
"Congrats brother, so proud: Tilak to Brevis on maiden SA call-up","India batter Tilak Varma congratulated his Mumbai Indians teammate Dewald Brevis for receiving his maiden call-up to the South Africa national side. ""Congratulations on your call up brother! So happy and proud of you,"" Tilak captioned his Instagram Story. The batter, called up for the Australia series, had congratulated Varma on his India debut during the West Indies tour.",Aditya Nair, 04:59 pm,"Monday, 14 August, 2023",sports
Tilak's hardly played ODIs but I'd pick him for no. 4: Hogg on WC,"Discussing Team India's potential squad for the ODI World Cup 2023, ex-Australia spinner Brad Hogg said, ""If they open with Ishan Kishan and Rohit Sharma, I would have [batter] Tilak Varma coming in at no. 4."" ""Varma has hardly played any one-day cricket. But, the way he's operated in T20s shows...he's got the goods for any situation,"" added Hogg.",Arnab Mukherji , 04:39 pm,"Monday, 14 August, 2023",sports
Hardik's bowling changes show he's still work in progress: Parthiv,"Talking about Hardik Pandya's captaincy in fifth T20I against West Indies, ex-India cricketer Parthiv Patel said, ""Bowling changes and utilisation of bowlers are [things] which tell that Hardik, the captain for India, is work in progress."" ""Hardik needs runs [also],"" he added. Discussing Hardik's captaincy in fifth T20I, ex-India opener Abhinav Mukund said, ""His bowling changes looked...confused.""",Arnab Mukherji , 04:10 pm,"Monday, 14 August, 2023",sports
"Rublev, Alcaraz among Tennis TV's funniest Canadian Open moments","Tennis TV shared a video of the funniest moments from the recently concluded Canadian Open. The video shows Russian Andrey Rublev attempting to draw the Open's maple leaf symbol on the broadcasting camera and Carlos Alcaraz messing up a training exercise. It also shows Alexander Bublik telling Hubert Hurkacz, ""Wish I never face you again in my f***ing life.""",Aditya Nair, 04:05 pm,"Monday, 14 August, 2023",sports
Pant backed Kuldeep to the T when he wasn't sought after: Mukund,"Former India opener Abhinav Mukund said Rishabh Pant backed DC spinner Kuldeep Yadav to the T in the IPL when he wasn't sought after in the tournament. ""Kuldeep owes a lot to Rishabh in terms of getting him...on track,"" added Mukund. ""Rishabh told him, 'There is no better bowler than you in India',"" Kuldeep's coach Kapil Pande had earlier stated.",Arnab Mukherji , 04:03 pm,"Monday, 14 August, 2023",sports
"Challenge accepted, open the door: Musk to Zuckerberg on cage fight","Hours after Elon Musk said that he'll bang on Meta CEO Mark Zuckerberg's door and ask him for a cage fight, Musk tweeted, ""Knock, knock...challenge accepted...open the door."" In another tweet, Musk said, ""Thought you might want some tea, so I brought the bags."" Earlier, Zuckerberg said ""it's time to move on"" claiming that Musk isn't serious about their fight.",Pragya Swastik, 05:29 pm,"Monday, 14 August, 2023",technology
RBI to launch public tech platform for frictionless credit,"RBI on Monday announced it will launch a pilot for a public tech platform that will enable frictionless credit on August 17. The platform, which is being developed by Reserve Bank Innovation Hub, will facilitate a seamless flow of digital information to lenders. Under the pilot, the platform will focus on products like personal and home loans through participating banks.",Mansi Agarwal, 04:20 pm,"Monday, 14 August, 2023",technology
Foxconn's $2-billion investment in India only a beginning: Chief,"Foxconn Chairman Young Liu, while talking about the company's plan to invest over $2 billion in India, said, ""From the perspective of India's potential market size, and if we can fully implement our plans there, the several billion dollar investment is only the beginning."" There is ""positive energy"" for the Indian market, he added.",Mansi Agarwal, 02:43 pm,"Monday, 14 August, 2023",technology
Instagram's Threads loses 80% of its daily active Android users,"Instagram's Threads has lost almost 80% of its daily active Android users since its launch in July. According to Similarweb, the app had 49.3 million daily active users on Android on July 7. However, the number declined to 10.3 million one month later. Further, active users spend three minutes on Threads. Meanwhile, users spend 25 minutes/day on X (formerly Twitter).",Nidhi Sinha, 11:32 am,"Monday, 14 August, 2023",technology
"B'luru woman loses ₹25,000 to fake employee of food delivery app","A food delivery app imposed cancellation charge on a 64-year-old Bengaluru woman after she cancelled her order. Shilpa Sarnobat then received a call from a scammer who claimed to be the app's customer care employee and promised to refund the charge. The scammer made Shilpa download an app and share her bank details, following which ₹25,000 vanished from her account.",Nidhi Sinha, 10:43 am,"Monday, 14 August, 2023",technology
Zuck is a chicken: Musk as Meta CEO says 'time to move on from cage fight',"Tesla CEO Elon Musk tweeted ""Zuck is a chicken"" after Meta CEO Mark Zuckerberg indicated it is ""time to move on"" from their cage fight. In another tweet, Musk joked, ""He (Zuckerberg) can't eat at Chick-fil-A because that would be cannibalism."" Earlier, Zuckerberg had said, ""I think we can all agree Elon isn't serious and it's time to move on."" ",Pragya Swastik, 09:20 am,"Monday, 14 August, 2023",technology
Govt issues high severity warning for users of Android 13 & other versions,"The government's Indian Computer Emergency Response Team (CERT-In) has issued a high severity warning for Android users. Multiple vulnerabilities have been reported which could be exploited to obtain sensitive information, gain elevated privileges and cause denial of service on the targeted system, the agency said. As per the CERT-In, the affected Android versions include 13, 12, 12L, 11 and 10.",Hiral Goyal, 08:04 am,"Monday, 14 August, 2023",technology
I'll bang on his door & demand to fight: Musk after Zuckerberg says 'time to move on',"Elon Musk tweeted, ""I'm gonna bang on his door tomorrow and demand to fight,"" after Mark Zuckerberg called off the cage fight and said it's ""time to move on"". In another tweet, the world's richest person called Meta CEO a ""chicken"" for pulling out of the fight. ""If Elon ever gets serious...he knows how to reach me,"" Zuckerberg had said.",Hiral Goyal, 07:53 am,"Monday, 14 August, 2023",technology
Dell's Aus unit fined ₹54 cr for misleading customers on discounts,"An Australian court fined Dell Technologies' local unit around ₹54 crore for making misleading representations on its website about discounts for add-on computer monitors. ""Inflating discounts is serious breach of consumer law,"" Australian regulator ACCC's Commissioner Liza Carver said. Dell Australia sold over 5,300 add-on monitors with overstated discounts between August 2019 and December 2021.",Nidhi Sinha, 05:09 am,"Monday, 14 August, 2023",technology
ChatGPT answers 259 out of 517 engineering questions incorrectly: Study,"A study conducted by Purdue University has found that out of the 517 software engineering questions posed before ChatGPT, the AI bot answered 259, or 52% of them, incorrectly. The researchers assessed ChatGPT on correctness, consistency, comprehensiveness, and conciseness of the responses. They found that well-articulated answers led to users overlooking incorrect information in ChatGPT's answers.",Hiral Goyal, 05:09 am,"Monday, 14 August, 2023",technology
"Elvish Yadav wins Bigg Boss OTT 2, gets ₹25 lakh cash prize","YouTuber Elvish Yadav has been named the winner of the reality show Bigg Boss OTT 2, hosted by actor Salman Khan. Along with the trophy, he also got ₹25 lakh cash prize. While Abhishek Malhan was named the runner-up of the show, Manisha Rani came third. Pooja Bhatt and Bebika Dhurve were also among the top five contestants.",Anmol Sharma, 05:53 pm,"Monday, 14 August, 2023",entertainment
Saw Ind-Pak & Ind-SL matches in same clothes: Abhishek on 2011 WC,"Abhishek Bachchan in an interview revealed that he watched India vs Pakistan and India vs Sri Lanka 2011 Cricket World Cup matches in the same clothes. Recalling the final match between India and Sri Lanka, he said, ""I just remember going completely nuts, running up and down the house. We went crazy and...it's a memory of a lifetime.""
",Udit Gupta, 05:00 pm,"Monday, 14 August, 2023",entertainment
"Dharmendra reacts as Esha poses with Sunny, Bobby","Veteran actor Dharmendra, taking to Twitter, shared a video from the special screening of 'Gadar 2' which was organised by Esha Deol. In the video, the actress was seen posing with Sunny Deol and Bobby Deol. Dharmendra captioned the video, ""Togetherness a great blessing."" Esha arranged the screening on Saturday. 
",Udit Gupta, 04:46 pm,"Monday, 14 August, 2023",entertainment
"Saiyami howled during a 'Ghoomer' scene, Shabana got scared: Balki","Director R Balki spoke about a scene in 'Ghoomer' where Saiyami Kher had to break down. ""She listened to some song...[came] and howled...[Shabana Azmi] was so kind of amazed by [her] ability to crack up like that...She was so scared to even go talk to her,"" Balki recalled. He said he felt moved by Saiyami's performance during that scene. ",Kameshwari, 04:29 pm,"Monday, 14 August, 2023",entertainment
Satish Kaushik was one of the finest storytellers I met: Rajkummar,"Rajkummar Rao called late actor-filmmaker Satish Kaushik ""one of the finest storytellers"". ""If you are with him at a party, you don't need anybody else, you don't need any music, just ask him about one film and he'll tell you such amazing fascinating stories,"" he added. Satish passed away earlier this year.
",Udit Gupta, 04:22 pm,"Monday, 14 August, 2023",entertainment
Saiyami had 50 scars on hand during a scene in Ghoomer: Abhishek,"Abhishek Bachchan said Saiyami Kher had 50 scars on her forearm during a scene of 'Ghoomer' and she didn't make a big deal about it. ""We didn't even know. [R Balki] pointed it out on third day that her forearm was cut...The one thing I hope is that people recognise her talent and give her the due credit,"" Bachchan shared. 
",Kameshwari, 04:04 pm,"Monday, 14 August, 2023",entertainment
Even adult stars deserve respect: Nikki on being called porn star ,"Actress Nikki Tamboli, reacting to being called 'porn star' by trolls on social media, said, ""Comparing me or anyone else to an adult film star is an insult to those ladies."" ""Why demean a woman at the cost of another woman for no reason?"" she added. ""Even an adult film star deserves respect on a humanitarian level,"" Nikki further said.
 ",Udit Gupta, 03:36 pm,"Monday, 14 August, 2023",entertainment
Was hesitant: Sunny Deol on recreating hand-pump scene in Gadar 2,"Actor Sunny Deol, while talking about the hand-pump scene in 'Gadar 2', spoke about how he's usually hesitant about recreating something he has already done in the past. ""But the way [Anil Sharma] explained the sequence was very interesting...we knew what we were doing...the hand-pump [scene] is so iconic...that's the only thing that pops up in [people's] mind,"" Sunny shared.",Kameshwari, 03:31 pm,"Monday, 14 August, 2023",entertainment
"Was told not to work with Suniel, want to apologise to him: Somy","Somy Ali spoke about how she was told to not do a film with Suniel Shetty. ""[I was told] I should work only with big actors. I just want to say that whatever decision I took, it was based on the guidance I got,"" she told Bollywood Thikana. She said she'd like to apologise to Suniel for her previous remarks.",Kameshwari, 02:50 pm,"Monday, 14 August, 2023",entertainment
Had no idea: Sunny on 'Udja Kale Kawan' reference in 'OMG 2' ,"Sunny Deol reacted to 'Gadar' song Udja Kale Kawan's reference in Akshay Kumar's 'OMG 2'. ""I have not seen the film, so I had no idea,"" he said, adding that he hasn't even seen 'Gadar 2' properly. In 'OMG 2', Akshay, who plays Lord Shiva's messenger, is seen lying under a tree and singing the lyrics of 'Udja Kale Kawan'. ",Udit Gupta, 02:34 pm,"Monday, 14 August, 2023",entertainment
Oldest woman in India passes away,"Kunjannam, a 112-yr-old woman from Parannur (Kerala), who was declared the oldest living woman in India by Limca Book of Records, passed away Tuesday morning. She had been unwell for some days and had been unable to eat anything since Monday. In an interview, Kunjannam had revealed that vegetarian food and regular walks were what kept her healthy.",Shipra Sharma, 09:03 am,"Tuesday, 24 March, 2015",india
Infosys Gifts Sikka Shares Worth Rs 8.2cr,"In a regulatory filing to the BSE on Friday, Infosys Ltd. decided to give shares worth Rs. 8.2cr to its new CEO Vishal Sikka. &quot;The units will vest with Sikka for over 4 years subject to his continued employment&quot; the company said. The 47-yr-old is a former member of the Executive Board of SAP AG.",Tanya Mathur, 05:25 pm,"Sunday, 24 August, 2014",india
India's first Billiards Premier League,"The Billiards and Snooker Association of Maharashtra(BSAM) has decided to inaugurate the Videocon Billiards Premier League in Mumbai from August 16 to 24, at 6 clubs of South Mumbai. Ten teams will participate in the league.&ldquo;This is a sincere attempt to revive billiards which has been overshadowed by snooker and other cue sports..&rdquo; explained Derek Sippy, BSAM honorary joint secretary",Sumedha Sehra, 02:30 pm,"Tuesday, 5 August, 2014",india
India beat NZ 3-2 to enter CWG hockey finals,"In the CWG men's hockey semi-final against New Zealand on Saturday, India got a 3-2 victory, securing their place in the finals. The team rose from a 2-0 score to a 3-2 score, and will now been seen playing the finals against Australia on Sunday. Interestingly, in the last CWG in Delhi, the same teams met in the finals. ",Sumedha Sehra, 06:43 pm,"Saturday, 2 August, 2014",india
"Indian Navy gets VLF, easy communication with underwater submarines","The Indian navy has a new communication system critical for passing coded orders to nuclear submarines, commissioned at INS Kattabomman(Tirunelveli, Tamil Nadu). &quot;The new facility will boost our ability to communicate with submarines, which have trailing wire antenna to pick up the coded VLF (very low frequency) radio waves, on an uninterrupted basis throughout the year,&quot; said an officer. ",Sumedha Sehra, 07:43 pm,"Friday, 1 August, 2014",india
Bharti Airtel rakes in 61% profit,"Bharti Airtel, India's top telecommunications company has reported a 61 percent quarterly profit rise. Compared to last year's 6.89 billion, the company has reportedly made a profit of 11.08 billion rupees ($184.31 million), though analysts were expecting a profit of 12.17 billion rupees for the company. ",Sumedha Sehra, 01:23 pm,"Tuesday, 29 July, 2014",india
"Samsung launches Galaxy Star 2 Plus at Rs.7,335","Samsung has unveiled the Galaxy start 2 Plus smartphone in India, at a price of Rs. 7,335. The budget phone, launched to compete against Moto E, Micromax Unite 2 and their likes, is an Android 4.4 (KitKat) handset. With a 4.3-inch screen, 1.2GHz processor, 512MB RAM and Samsung's TouchWiz skin on top, it is to be available for sale, soon. ",Sumedha Sehra, 01:22 pm,"Tuesday, 29 July, 2014",india
"Nigerian weightlifter in dope net, India may gain","India may move up after Nigerian weightlifter Chika Amalaha&rsquo;s A dope sample returned positive. Santoshi Matsa&rsquo;s bronze and Swati Singh's 4th position may be upgraded in women&rsquo;s 53kg. &ldquo;We shouldn&rsquo;t presume anything just yet, once she has provided a B sample that is when we can decide on the re&mdash;awarding of medals and appropriate actions&quot; said CWG-Federation chief-executive Mike Hooper.",Sumedha Sehra, 01:17 pm,"Tuesday, 29 July, 2014",india
"16 students died due to NEET, could've been avoided: TN CM to Prez","Tamil Nadu Chief Minister MK Stalin has written a letter to President Droupadi Murmu seeking immediate assent to the anti-NEET Bill. ""The toll of students who have died by suicide due to NEET has increased to 16 in our state. These tragedies could have been definitely avoided if our Bill for exemption from NEET had been given assent,"" he wrote.",Saurabh Sinha, 04:23 pm,"Monday, 14 August, 2023",politics
Tuesday's I-Day speech from Red Fort will be PM's last: Mamata,"West Bengal CM Mamata Banerjee on Monday said that PM Narendra Modi's speech from the Red Fort on Tuesday will be his last. She said the state doesn't want ""kursi"" (political position), but wants to dislodge the BJP from power. PM Modi will equal former PM Manmohan Singh's record of hoisting the Tricolour 10 times on Independence Day. ",Nakul Ahuja, 04:21 pm,"Monday, 14 August, 2023",politics
"Agree with Surjewala, the fight is between demons & humans: Khera","Congress leader Pawan Khera said that he agrees with his party's MP Randeep Surjewala's ""demonic tendency"" remark for BJP supporters. ""I completely agree with his point that the fight that is going on today, the struggle that is going on, is between demons and humans. There is no doubt about it,"" Khera said.",Saurabh Sinha, 03:30 pm,"Monday, 14 August, 2023",politics
BJP leader dies days after getting shot in J'khand; protests erupt,"A BJP leader who was shot by motorcycle-borne unidentified gunmen on Saturday succumbed to his injuries on Monday in Jharkhand's Latehar district. The victim, Rajendra Prasad Sahu, former Vice President of Latehar Zila Parishad, had sustained injuries in the waist, stomach and leg. Following his death, his supporters staged protests, blocked roads and torched an SUV.",Saurabh Sinha, 01:37 pm,"Monday, 14 August, 2023",politics
Will boycott Guv's I-Day tea party over his stand on NEET: TN CM,"Tamil Nadu CM MK Stalin said that he will boycott the 'At Home Reception', the tea party to be hosted by Governor RN Ravi on Independence Day over the latter's stand supporting NEET in the state. The Governor's stance ""showcases a disregard for our students' lives, dreams, and the democratically elected government"", said CM Stalin.",Saurabh Sinha, 01:16 pm,"Monday, 14 August, 2023",politics
Shinde should be hospitalised & kept away from Dy CMs: Sena (UBT),"Shiv Sena (UBT), in its mouthpiece 'Saamana', responded to reports claiming Maharashtra CM Eknath Shinde fell sick because he was working 24 hours a day. ""It cannot be called working 24 hours if they lose sleep over the fear of ever losing their position,"" Sena said, adding that Shinde should be hospitalised and kept away from Maharashtra Deputy CMs. ",Nakul Ahuja, 12:35 pm,"Monday, 14 August, 2023",politics
CMs of BJP-ruled states lose gold ticks on X after changing profile pics to Tiranga,"Chief Ministers of several BJP-ruled states including UP (Yogi Adityanath), Assam (Himanta Biswa Sarma) and MP (Shivraj Chouhan), lost their gold ticks on Twitter (X) after they changed their profile pictures to that of the Tricolour. PM Narendra Modi, who requested people to put Tirangas as profile pictures ahead of Independence Day, didn't lose grey tick despite changing his picture.",Sakshita Khosla, 12:15 pm,"Monday, 14 August, 2023",politics
Muslims of India not responsible for Partition: Owaisi,"On the Partition Horrors Remembrance Day, AIMIM chief Asaduddin Owaisi said that the Muslims of India are not responsible for the Partition of India. ""The leaders of that time (around Partition) are responsible for it,"" he added. He further said that Maulana Abul Kalam Azad went from pillar to post trying to stop the Partition.",Saurabh Sinha, 12:07 pm,"Monday, 14 August, 2023",politics
Shinde may be hospitalised & replaced as CM on health grounds: INC,"Congress leader Vijay Wadettiwar has said that Maharashtra CM Eknath Shinde may be hospitalised and be replaced as CM by Deputy CM Ajit Pawar on health grounds. Shiv Sena (UBT) mouthpiece 'Saamana' claimed that Shinde's health deteriorated when Ajit Pawar joined the Maharashtra government, adding that CM Shinde has fallen sick as he works 24 hours a day. ",Nakul Ahuja, 11:52 am,"Monday, 14 August, 2023",politics
His optic nerve is damaged: Anil Vij on Surjewala's 'demon' remark,"Reacting to Congress MP Randeep Surjewala's 'demon' remark for BJP supporters, Haryana Home Minister Anil Vij said, ""I think Randeep Surjewala's optic nerve has been damaged."" ""People with damaged optic nerves have very blurred vision. This is the reason why he is seeing demons in people...He needs to get his eye treated by a good eye surgeon,"" Vij said.",Saurabh Sinha, 11:40 am,"Monday, 14 August, 2023",politics
Device to charge phones using water unveiled,"Swedish startup MyFC on Wednesday unveiled a new device called JAQ that uses salt water and oxygen to convert chemical energy into electricity, which in turn can be used to charge mobiles. The device contains a credit card-shaped 'power card' filled with salt water which can be inserted into a port, generating around 1,800 mAH electricity.",Swarnim Bagre, 07:56 pm,"Wednesday, 13 January, 2016",startups
Flipkart wins ‘Website of the Year India 2015’,"Flipkart has been named the overall winner of the ‘Website of the Year India 2015’ in an online poll which was conducted by marketing analytics company MetrixLab. The winner was decided among over 185,000 votes on parameters of the “content, navigation, designs and recommendation intention”. The polling took place among 252 websites for 21 categories.",Shruti Nagpal, 02:34 pm,"Saturday, 2 January, 2016",startups
Foodpanda India to layoff about 330 employees,"Global food delivery marketplace Foodpanda on Tuesday reportedly said to layoff about 330 of its employees in India, citing automation of up to 98% in the order processing. The company will provide due remuneration and help in discovering other job opportunities to the affected employees. Founded in 2012, Foodpanda's platform lets users discover and order food from their nearby restaurants.",Pragya Swastik, 06:01 pm,"Tuesday, 29 December, 2015",startups
Ola announces global alliance to take on Uber,"Taxi-hailing service Ola has announced a global partnership with similar services, China's Didi Kuaidi, USA's Lyft, and Singapore's GrabTaxi, to take on rival Uber. International travelers will be able to hail taxis belonging to all these services using any one of the apps. The strategic partnership is expected to take off in the first quarter of 2016.",Nihal Thondepu, 04:54 am,"Friday, 4 December, 2015",startups
"World record for longest beard on a living female broken by woman from US, pics surface","Erin Honeycutt, a 38-year-old woman from US' Michigan, has broken the Guinness World Record for the longest beard on a living female. Her beard measures 30 cm (11.81 inches). Erin has polycystic ovary syndrome (PCOS), which is a condition that causes hormonal imbalance and can result in irregular menstruation, weight gain, infertility, and excess hair growth.",Anmol Sharma, 10:22 am,"Saturday, 12 August, 2023",hatke
Video showing rare transparent fish goes viral,"A video has gone viral on social media showing a rare transparent fish. Reacting to the video, a social media user commented, ""And someone will tell me there is no greater power out there."" Another wrote, ""It looks strange. What kind of fish is it?"" Another comment read, ""Wow that’s magical!!""",Anmol Sharma, 10:18 am,"Thursday, 3 August, 2023",hatke
Indian family meets Dubai Ruler in elevator and takes photo; says 'It was so surreal',"Indian entrepreneur Anas Rahman Junaid and his family shared an elevator with Dubai Ruler Sheikh Mohammed bin Rashid Al Maktoum in Atlantis The Royal. Anas called the experience as ""surreal"". ""We were shocked. He stepped into...lift and was very friendly. He put his arms around my daughter and asked her if she knew who he was,"" Anas told Khaleej Times.",Anmol Sharma, 11:16 am,"Monday, 17 July, 2023",hatke
"Mysterious object found on Australian beach, pic surfaces","A mysterious and unidentified metal object washed up on a beach in Australia, with a picture surfacing online. Australian police has launched investigation alongside state and federal agencies to determine its origin. ""The investigation is ongoing, and until further information is available, we urge everyone to refrain from drawing conclusions,"" the police said.",Anmol Sharma, 10:34 am,"Monday, 17 July, 2023",hatke
Farmer in Canada fined ₹50 lakh as court says thumbs-up emoji counts as contract agreement,"A farmer in Canada was fined CA$82,000 (over ₹50 lakh) after he used thumbs-up emoji on a contract sent by text message. He failed to deliver 86-tonne flax a grain buyer was looking to purchase. The buyer sent him contract, writing, ""Please...confirm flax contract"", to which he responded with thumbs-up emoji. A court stated the emoji counts as contract agreement.",Anmol Sharma, 03:24 pm,"Friday, 7 July, 2023",hatke
Bag smaller than grain of salt sells for ₹52 lakh; pic surfaces,"A handbag that's so small that one requires a microscope to be able to see it has been sold for $63,750 (₹52 lakh) at an auction. Created by the art collective MSCHF, the designer handbag carrying a Louis Vuitton monogram is smaller than a grain of sea salt. The handbag measuring 657x222x700 micrometres was created using 2-photon polymerisation printing methods.",Pragya Swastik, 12:20 pm,"Thursday, 29 June, 2023",hatke
"Man runs 100m with full body burn in 17 seconds without oxygen, sets Guinness Record","Jonathan Vero from France has set a new world record for the fastest full-body burn sprint of 100 metres, the Guinness World Records tweeted on Thursday and shared his image too. He ran without oxygen for 17 seconds. ""Jonathan also set the record for the farthest distance ran in full body burn during this attempt at 272.25 metres,"" it said. ",Shalini Ojha, 11:31 am,"Thursday, 29 June, 2023",hatke
Pic of 'I am sorry Sanju' apology note on Noida billboard goes viral,"A picture of an apology note put up on a billboard in Noida has gone viral. ""I am sorry Sanju. I will never ever hurt you again. Your Sush,"" the billboard featuring pictures of two kids reads. ""Noida has once again outdone itself,"" a person tweeted. Another joked, ""If you can't apologise like this...you aren't sorry in the first place.""",Pragya Swastik, 02:16 pm,"Tuesday, 27 June, 2023",hatke
"Video of woman using hair straightener inside Delhi Metro goes viral, people react","A video of a woman using hair straightener inside Delhi Metro has gone viral. Reacting to the video, a social media user wrote, ""Passengers of Delhi Metro appear to be getting out of control!"" Another wrote, ""Next, people will run electrical cookers, stoves, water heaters, and kettles and live in metro."" Another joked, ""Bring washing machine as well.""",Anmol Sharma, 01:24 pm,"Sunday, 18 June, 2023",hatke
"3,000-year-old mummy discovered next to football training ground in Peru","A 3,000-year-old pre-Hispanic mummy has been uncovered by Peruvian archaeologists next to a professional soccer team training field on the outskirts of Lima. The mummy, buried under a ritual involving coca leaves and seashells, was located on top of a destroyed U-shaped clay temple. Archaeologists reportedly removed up to eight tons of debris that covered the top of the hill.",Shreyasi Banerjee, 04:23 pm,"Friday, 16 June, 2023",hatke
Mother Teresa conferred with Founder's Award ,"Mother Teresa was posthumously conferred with this year's Founder's Award in the UK on Friday. The award was given at the 6th Asian Awards that acknowledge the achievements of people within the global Asian community across 14 categories including business, philanthropy, entertainment, culture and sports. Teresa’s 72-year-old niece, her only living relative, received the award.",Anupama K, 07:22 am,"Saturday, 9 April, 2016",international
Nepal: Students protest against border blockade,"Opposing the blockade imposed by the Madhesi community in the Indo-Nepal border, thousands of students staged a protest in Nepal's capital, Kathmandu on Friday. The blockade has caused an increase in food prices, shortage of fuel and shutting down of schools. The Indian-origin Madhesis have been protesting against Nepal's Constitution which they claim doesn't protect their rights.
",Anupama K, 12:06 pm,"Saturday, 28 November, 2015",international
2 Indians among four indicted for al-Qaida links,"A US federal court on Thursday charged four men, including two Indian brothers, with providing money, equipment and other assistance to slain Yemeni al-Qaida leader Anwar al-Awlaki. The Indian brothers, Yahya Farooq Mohammad (37) and Ibrahim Zubair Mohammad (36), face an additional charge on the count of conspiring to commit bank fraud worth thousands of dollars. 
",Arjun Bhatia, 06:45 am,"Friday, 6 November, 2015",international
Pak promises to take action against terrorists,"Pakistan Prime Minister Nawaz Sharif, who is on a visit to the US, has promised to take action against ""United Nations-designated terrorist individuals and entities"" in the country. A joint statement was issued between Sharif and US President Barack Obama saying, “Prime Minister Sharif reaffirmed that Pakistan’s territory will not be used against any other country.”",मनीष कुमार, 01:26 am,"Friday, 23 October, 2015",international
India one of the world's most dynamic countries: UK MP,"An Indian-origin MP of the Britain&rsquo;s Conservative party, Priti Patel said India has secured its place as one of the world&rsquo;s most remarkable and dynamic countries. Indians could be proud of their country&rsquo;s important role in shaping the new world, she further added.  Celebration of Indian culture and heritage is at the heart of our Independence Day festivities, Patel said.
",Navin Sharma, 01:59 pm,"Tuesday, 12 August, 2014",international
Kabul attack on NATO convoy kills four civilians,"As politicians wrangle over disputed election results, a suicide attacker targeted a NATO convoy in Kabul on Sunday, killing four civilians and wounding at least seven others, officials said. The NATO force made no immediate comment after the attack, which came as foreign troops rapidly. A Taliban spokesperson said the insurgents claimed responsibility for the attack.",Navin Sharma, 02:37 pm,"Sunday, 10 August, 2014",international
Iraq airstrikes may continue for long-term: Obama,"Preparing Americans for an extended air-stike against militants in Iraq, US President Obama said on Saturday that air-strikes he ordered could continue for months as the Iraqis build a new government. &lsquo;I don&rsquo;t think we&rsquo;re going to solve this problem in weeks&rsquo; Obama said. He repeated his insistence that they would not send ground combat troops back to Iraq.",Navin Sharma, 07:34 am,"Sunday, 10 August, 2014",international
Snowden gets 3-year Russian residence permit,"Edward Snowden, a former U.S intelligence contractor has been given three-year residence permit by Russia, said his Russian lawyer. He fled to Hong Kong and then Moscow last year after leaking details of secret state surveillance programmes. He is wanted in the US on espionage charges. Snowden is believed to have taken 1.7 million digital documents with him.",Navin Sharma, 01:43 pm,"Thursday, 7 August, 2014",international
"Gaza ceasefire holding on second day, talks under way","In a respite from the Israel-Palestinian war, a Gaza truce was holding on its second day, on Wednesday as Egyptian mediators pursued talks with representatives of both sides on an enduring end to the war. According to Egyptian and Palestinian sources, an initial response by Israel to Palestinian demands is expected.",Ananya Das, 01:18 pm,"Wednesday, 6 August, 2014",international
Bodies dumped on streets as West Africa struggles to curb Ebola,"Defying West African government&rsquo;s orders and their attempt to curb the deadly Ebola disease, relatives of the victims in Liberia dumped infected bodies in the streets. According to the Information minister, the Africans resorted to this step as many regard the government&rsquo;s move of Ebola isolation wards as death traps as only few of those infected survive the disease.",Ananya Das, 10:18 am,"Wednesday, 6 August, 2014",international
CarTrade Tech acquires 100% stake in OLX India's auto business,"CarTrade Tech has acquired OLX India's classified and auto transactions business from OLX India BV for ₹535.54 crore. The Mumbai-based used cars platform, in collaboration with OLX, would attract roughly 68 million average monthly unique visitors. ""We are really excited to acquire such a strong brand and work with such a really talented team,” CarTrade Tech Founder Vinay Sanghi said.",Nidhi Sinha, 06:55 am,"Monday, 14 August, 2023",automobile
"₹50,000-cr EV subsidies planned under 3rd phase of FAME: Report","Centre has prepared first draft of third phase of Faster Adoption and Manufacturing of EVs (FAME) Scheme with a ₹40,000-50,000 crore outlay, CNBC-TV18 reported. Centre is likely to extend FAME subsidies to electric trucks, bicycles and quadricycles, apart from electric two and three wheelers, cars and buses. A substantial allocation could be made for electric buses and charging infrastructure. ",Ashley Paul, 09:28 am,"Friday, 11 August, 2023",automobile
FADA urges Gadkari to reduce GST on entry-level 2-wheelers to 18%,"Federation of Automobile Dealers Associations (FADA) sought a GST reduction on entry-level two-wheelers to 18% from 28% and submitted a letter to Union Minister Nitin Gadkari in this regard. ""Reducing GST...to 18% for entry-level two-wheelers is more than just an economic strategy, it's about empowering the common man and boosting rural mobility,"" FADA President Manish Raj Singhania said.",Srishty Choudhury, 03:50 pm,"Wednesday, 9 August, 2023",automobile
Tax probe on Hero MotoCorp over ₹90 cr false expenditure: Report,"Tax authorities are probing Hero MotoCorp's relationship with a vendor suspected of reporting about ₹90 crore in false expenditure, Reuters cited sources as saying. Based on alleged fake spending by Salt Experiences, Hero MotoCorp received a tax credit, leading to suspected tax evasion of ₹16 crore. A spokesperson said ""there is no ongoing investigation against"" Hero MotoCorp on the matter.",Srishty Choudhury, 01:03 pm,"Wednesday, 9 August, 2023",automobile
New iCNG range with twin cylinders will make you go OMG: Tata Motors,"Tata Motors has introduced the all new Tata iCNG range, consisting of Tigor, Tiago, Tiago NRG, Altroz and Punch. The range comes with twin cylinders and also ensures uncompromised boot space, the brand said, claiming that the range will make customers go, ""OMG it's CNG"" with its big boot, big appeal and big reaction. The range starts at ₹6,54,900*.",Roshan Gupta, 05:30 am,"Wednesday, 9 August, 2023",automobile
"Who is Vaibhav Taneja, DU graduate named as Tesla's new CFO?","Indian-origin Vaibhav Taneja, who studied B.Com at Delhi University (DU) and later pursued Chartered Accountancy from ICAI, has been named Tesla's new Chief Financial Officer (CFO). Taneja joined Tesla after the electric carmaker acquired SolarCity in 2016. Prior to that, the 45-year-old was employed at PwC in both India and the US between July 1999 and March 2016.",Pragya Swastik, 03:16 pm,"Monday, 7 August, 2023",automobile
Indian-origin Vaibhav Taneja named as Tesla's CFO,"Elon Musk-led electric carmaker Tesla on Monday named 45-year-old Indian-origin executive Vaibhav Taneja as its Chief Financial Officer (CFO). Taneja will serve as CFO in addition to his current role as Tesla's Chief Accounting Officer. He succeeds Zachary Kirkhorn, who stepped down as of August 4 after a 13-year tenure with the company.",Pragya Swastik, 02:25 pm,"Monday, 7 August, 2023",automobile
Researchers jailbreak Tesla car using 'voltage glitching',"Researchers have found a way to jailbreak the infotainment systems used in recent Tesla car models. A technique called 'voltage glitching' allowed the researchers to hack into a Tesla car and access paid upgrades for free. They were also able to access and decrypt sensitive information stored on the car's system, including owner's personal data, WiFi passwords, and locations visited.",Hiral Goyal, 05:55 am,"Monday, 7 August, 2023",automobile
Maruti 3.0 looking to add 28 models by FY31: Chairman,"Maruti Suzuki India is starting with 'Maruti 3.0', targeting to add 20 lakh units of production capacity in nine years with about 28 different models by FY31, Chairman RC Bhargava said. He added that while the Indian car industry may not ""grow in double digits, like...China in the past, we do expect...a 6% growth rate will be maintained till FY31"".
",Srishty Choudhury, 03:51 pm,"Saturday, 5 August, 2023",automobile
Tesla execs discuss India factory plans with Piyush Goyal: Report,"Senior Tesla executives met Commerce and Industry Minister Piyush Goyal last week in a closed-door meeting to discuss the EV maker's plans to establish a factory in India, Reuters reported. Tesla's proposed factory would produce EVs worth around ₹20 lakh, around 25% cheaper than Tesla's current entry model. The EVs produced in India would serve Tesla's domestic and export markets.",Ashley Paul, 04:46 am,"Friday, 4 August, 2023",automobile
"NASA confirms July 2023 as hottest month ever, says 'This is not normal'","The National Aeronautics and Space Administration (NASA) has confirmed July 2023 as the hottest month ever recorded. Overall, July 2023 was 0.24°C warmer than any other July in NASA's record, and it was 1.18°C warmer than the average July between 1951 and 1980. NASA stated that the science is clear that this is not normal, adding, ""We must act now.""",Anmol Sharma, 04:21 pm,"Monday, 14 August, 2023",science
Chandrayaan-3's launch a stepping stone for future missions: Prez,"The launch of Chandrayaan-3 is only a stepping stone for India's future space missions, said President Droupadi Murmu, in her address ahead of the 77th Independence Day. She said that Chandrayaan-3 has entered the Moon's orbit, adding that the Indian Space Research Organisation (ISRO) is touching new heights and setting examples of excellence. ",Nakul Ahuja, 02:31 pm,"Monday, 14 August, 2023",science
Which missions are currently active on the Moon?,"NASA's Artemis mission's P1 and P2 probes (providing data on solar wind) and NASA's Lunar Reconnaissance Orbiter (collecting data for future missions) are currently active on the Moon. ISRO's Chandrayaan-2 orbiter and Korea Pathfinder Lunar Orbiter are also active, as is NASA's CAPSTONE mission. India's Chandrayaan-3 and Russia's Luna-25 will land on the Moon in the coming days.",Sakshita Khosla, 02:28 pm,"Monday, 14 August, 2023",science
"What is Aditya-L1, India's first space-based mission to study the Sun?","Aditya-L1 is the first space-based observatory class Indian solar mission to study the Sun. Under this mission, the ISRO plans to place a spacecraft in a halo orbit around the Lagrangian point 1 (L1) of the Sun-Earth system. Major objectives of the mission are to understand the problem of coronal heating, coronal mass ejection, flares, and near-Earth space weather.",Hiral Goyal, 01:52 pm,"Monday, 14 August, 2023",science
"Chandrayaan-3 moves closer to 100 km lunar orbit, one step away from separation","The ISRO on Monday said that a precise manoeuvre performed today has achieved a near-circular orbit of 150 km x  177 km for the Chandrayaan-3 spacecraft. ""Orbit circularisation phase commences...The next operation is planned for August 16, 2023, around 0830 hrs IST,"" the ISRO said. After reaching the 100 km orbit, Chandrayaan-3's landing module will separate from the propulsion module.",Hiral Goyal, 07:26 am,"Monday, 14 August, 2023",science
ISRO shares pics of Aditya-L1 satellite ahead of India's first solar mission,"The ISRO shared pictures of Aditya-L1 satellite after it arrived at the Satish Dhawan Space Centre in Sriharikota, Andhra Pradesh, ahead of its expected launch by August end. ""Aditya-L1, the first space-based Indian observatory to study the Sun, is getting ready for the launch,"" the space agency said. The satellite was realised at the UR Rao Satellite Centre in Bengaluru. ",Hiral Goyal, 06:53 am,"Monday, 14 August, 2023",science
Latest pic of Sun with sunspots released,"The NASA has shared the latest picture of Sun with sunspots. In 2023 so far, the Sun hasn't had a single spotless day. As per SpaceWeather, the Sun had one spotless day in 2022 and 64 days in 2021. One of the current sunspots has a 'beta-delta' magnetic field that harbours energy for strong M-class solar flares, SpaceWeather stated.",Anmol Sharma, 04:45 pm,"Sunday, 13 August, 2023",science
"Astronaut spots Himalayas from space, shares pics","Emirati astronaut Sultan AlNeyadi, who is currently on a six-month space mission to the International Space Station (ISS), shared pictures of the Himalayas as seen from space. ""The Himalayas from space...Home to the Everest summit, the highest point above sea level on earth, these mountains are one of the iconic landmarks of our planet's rich nature,"" he wrote on Twitter.",Pragya Swastik, 10:16 am,"Sunday, 13 August, 2023",science
In pics: Perseid meteor shower lights up night sky,"The annual Perseid meteor shower lit up skies across the world over the weekend. It is considered to be one of the brightest meteor showers that happen every year. During its peak, up to 100 shooting stars per hour are visible in the night sky. The shower is caused by Earth passing through the debris left behind by comet 109P/Swift-Tuttle.",Hiral Goyal, 08:25 am,"Sunday, 13 August, 2023",science
"How will Russia's Luna-25, launched after Chandrayaan-3, land on Moon before India?","Russia's Luna-25 mission, launched weeks after Chandrayaan-3, is expected to land on the Moon around August 21, two days before India's expected landing. Chandrayaan-3's launch vehicle has a lesser fuel capacity and thrust and relies on gravitational forces of Earth and Moon, an ISRO scientist said. Whereas, Russia is using a powerful rocket which will directly enter the lunar orbit.",Hiral Goyal, 05:46 am,"Sunday, 13 August, 2023",science
Which domestic airlines saw the most technical snags this year?,"Domestic airlines faced a total of 338 technical snags during the operation of planes this year till the month of July, MoS Civil Aviation General (Retd) VK Singh informed the Rajya Sabha. The highest numbers of technical snags were reported by IndiGo (206). It was followed by Air India (49), Go First (22), SpiceJet (21) and Akasa Air (18).",Pragya Swastik, 01:19 pm,"Monday, 7 August, 2023",travel
World's largest ferris wheel 'Ain Dubai' remains mysteriously closed,"'Ain Dubai', the world's largest ferris wheel which opened two years ago, mysteriously closed just months after opening and remains closed to date. ""Ain Dubai remains closed until further notice as we continue...enhancement works,"" the attraction's website says. Ain Dubai stands at a height of 250 metres and each of its legs is the length of 15 London buses.",Pragya Swastik, 01:16 pm,"Monday, 7 August, 2023",travel
UNESCO recommends adding Venice to endangered list,"Venice should be added to a list of world heritage sites in danger, the United Nations Educational, Scientific and Cultural Organization (UNESCO) said. The UNESCO warned that Venice faces ""irreversible"" damage due to several problems, including rising sea levels due to climate change and mass tourism. A spokesperson for the Venice municipality reportedly said they'll ""carefully read"" the proposal.",Shreyasi Banerjee, 11:24 am,"Tuesday, 1 August, 2023",travel
Which are the world's most powerful passports?,"Singapore's passport is the world's most powerful with visa-free access to 192 travel destinations, Henley Passport Index showed. Germany, Italy and Spain's passports rank 2nd. Austria, Finland, France, Japan, Luxembourg, South Korea, and Sweden, all rank 3rd. Denmark, Ireland, Netherlands and UK rank 4th. Belgium, Czech Republic, Malta, NZ, Norway, Portugal and Switzerland's passports rank 5th.",Pragya Swastik, 01:15 pm,"Tuesday, 18 July, 2023",travel
"Singapore passport named world's most powerful, beats Japan","Singapore is the world's most powerful passport with visa-free access to 192 travel destinations out of 227 around the world, according to Henley Passport Index released on Tuesday. Germany, Italy, and Spain all move up into second place. Japan has been knocked off the top spot for the first time in five years and bumped into third place.",Pragya Swastik, 12:15 pm,"Tuesday, 18 July, 2023",travel
MakeMyTrip launches Rocky & Rani-inspired romantic holiday packages,"Bollywood stars Ranveer Singh and Alia Bhatt in their new avatar Rocky & Rani have co-created exclusive holiday packages with MakeMyTrip. The marquee package is inspired by the song ""Tum Kya Mile"" from their upcoming film ""Rocky Aur Rani Ki Prem Kahani"" and covers picturesque locations featured in the song. Travelers can explore other exclusive packages on MMT app/website.",Roshan Gupta, 06:02 am,"Thursday, 13 July, 2023",travel
Indians lose ₹87 crore to Schengen visa rejections in 2022: Report,"Schengen visa applicants from India lost ₹87 crore to visa rejections in 2022, according to data from Schengen Visa Info. A total of 6,71,928 applications were filed at consulates and visa centres in India, out of which 1,21,188 applications were rejected. India had the second-highest Schengen visa rejections in the world last year. ",Pragya Swastik, 01:15 pm,"Tuesday, 11 July, 2023",travel
Japan Airlines to offer clothes on rent to its Japan-bound passengers,"Japan Airlines will start an initiative where it will offer rental clothing to passengers during their visit to the island nation. Aimed at reducing luggage and promoting sustainable tourism, the airline said visitors will get the option to select the clothes via a website before their travel. The clothes, starting from $28, will be delivered to the traveller's hotel.",Ridham Gambhir, 08:59 am,"Wednesday, 5 July, 2023",travel
Thailand's Koh Samui facing water crisis amid tourism surge ,"One of Thailand’s popular islands, Koh Samui, is facing a severe water crisis caused by a surge of tourists and decline in rainfall. According to local estimates, the remaining water is sufficient only for the next 30 days. Famous for its beaches, trekking destinations and jungle safari, Koh Samui hosts some 27,00,000 visitors per year.",Ridham Gambhir, 03:41 am,"Wednesday, 5 July, 2023",travel
Which were the most & least delayed Indian airlines in May 2023?,"SpiceJet was the most delayed airline in May 2023, as per DGCA, with 61% of its flights departing on time. Air India was the second-most delayed in May (82.5% of flights were punctual), followed by Air Asia (84.8%) and Vistara (89.5%). IndiGo and Akasa Air were the most punctual airlines with 90.3% and 92.6% of their flights leaving on time. ",Sakshita Khosla, 10:39 am,"Tuesday, 4 July, 2023",travel
"13-year-old boy slips & falls 100 ft from cliff at US' Grand Canyon, survives","A 13-year-old boy named Wyatt Kauffman slipped and fell 100 feet from a cliff at the Grand Canyon in the US, and survived the fall. He was airlifted to a hospital after suffering a ruptured spleen, collapsed lung, nine broken vertebrae, a concussion, etc. He fell while trying to move out of the way of some people taking a picture.",Sakshita Khosla, 11:11 am,"Monday, 14 August, 2023",miscellaneous
"Plane drops 15,000 feet in 3 minutes in US, passenger shares pics","A passenger of an American Airlines plane headed to US' Florida shared pictures from inside the aircraft after it reportedly dropped 15,000 feet in three minutes. ""Something failed mid-flight and depressurised the cabin,"" said the passenger named Harrison Hove, describing the incident as ""terrifying"". His pictures showed the flight's emergency oxygen masks hanging from the overhead.",Sakshita Khosla, 03:18 pm,"Sunday, 13 August, 2023",miscellaneous
IFS officer shares pic of one of world’s largest squirrel species found in India,"IFS officer Parveen Kaswan took to social media to share a picture of one of the world's largest squirrel species found in India. Stating that the picture was taken in West Bengal's Buxa, the officer asked, ""Can you identify?"" Responding to his post, several people commented it is Malabar giant squirrel while some said it's Malayan giant squirrel.",Arshiya Chopra, 06:23 am,"Sunday, 13 August, 2023",miscellaneous
Sandstorm turns skies above Morocco's Marrakesh orange; video out,"Orange-coloured skies covered the city as a sandstorm hit Morocco's Marrakesh on Thursday. A video showing the streets covered in an eerie orange hue was shared by The Independent. The storm, however, caused destruction, resulting in the death of an 18-year-old man by a fallen tree in the city's Medina quarter, as per local media.",Swati Dubey, 03:20 pm,"Saturday, 12 August, 2023",miscellaneous
"Wild bear spotted running in residential area in Telangana, people panic; video surfaces","A video surfaced online showing a wild bear straying into a residential area in Telangana's Karimnagar district, with people in the area panicking. In the video, it can be seen running on a road near people and shops. As per reports, the bear was sighted in two different areas on Friday night and Saturday morning.",Anmol Sharma, 01:34 pm,"Saturday, 12 August, 2023",miscellaneous
17 sets of twins to start school in Scotland; pic goes viral,"Seventeen sets of twins will start primary school in Scotland's Inverclyde on August 18, with a picture going viral. It is the second highest twin count for Inverclyde following a record 19 sets in 2015. The class of 2023 will take the Inverclyde twin count to 147 sets since 2013, which is an average of 13 sets each year.",Ankush Verma, 12:00 pm,"Saturday, 12 August, 2023",miscellaneous
Who are the top 10 highest paid celebrities on Instagram?,"According to Hopper HQ, Cristiano Ronaldo is the highest paid celebrity on Instagram, earning ₹26.8 crore per post. He's followed by Lionel Messi (₹21.5 crore), Selena Gomez (₹21.2 crore), Kylie Jenner (₹19.8 crore), Dwayne Johnson (₹19.2 crore), Ariana Grande (₹18.7 crore), Kim Kardashian (₹18 crore), Beyonce Knowles (₹15.6 crore), Khloe Kardashian (₹15.4 crore) and Justin Bieber (₹14.6 crore). ",Ridham Gambhir, 09:41 am,"Friday, 11 August, 2023",miscellaneous
Brothers aged 2 and 6 diagnosed with rare childhood dementia in US,"Two brothers- Michael, aged 6 and Oliver, aged 2, both living in Washington in US, were diagnosed with dementia earlier this year. They were diagnosed with 'Type 2 Batten' disease in April and May, respectively. Their parents, Kristian Tucker and her husband Bryden found out that they too were carriers of 'Type 2 Batten' disease and had passed their genes.",Daisy Mowke, 04:14 pm,"Thursday, 10 August, 2023",miscellaneous
"Pics show world's most valuable teapot worth ₹24 crore, people react","Guinness World Records shared pictures of the world's most valuable teapot, valued in 2016 to be worth $3,000,000 (over ₹24 crore). It's made from 18-carat yellow gold with cut diamond covering the body and a 6.67-carat ruby in the centre. Reacting to it, a person commented, ""How much is the tea?"" while another comment read, ""Will the tea prepare itself?""",Daisy Mowke, 01:09 pm,"Thursday, 10 August, 2023",miscellaneous
Watch a father’s awakening: Manyavar presents new Independence Day film,"Manyavar presents an ode to Independence in its new ad, seeking to showcase an undying spirit, and a journey echoing through generations. Sometimes the young ones teach us the biggest of the lessons, it said. The ad shows a spirited boy who reminds his dad of the 100 years of struggle with a powerful message in the end.",Roshan Gupta, 06:50 am,"Saturday, 12 August, 2023",fashion
"Beyoncé wears crystal bodysuit by Indian designer Gaurav Gupta on stage, pics viral","Singer Beyoncé wore a custom crystal bodysuit and legging boots by Indian designer Gaurav Gupta while performing on stage during her Renaissance World Tour Concert. ""We custom made the Infinity Crystal Bodysuit...inspired by the new logo of Gaurav Gupta Couture,"" a post on Gaurav Gupta's Instagram page read. He further called Beyoncé an ""epitome of hope, infinity, and freedom"".",Daisy Mowke, 11:01 am,"Friday, 11 August, 2023",fashion
Coach owner to buy Michael Kors parent for $8.5 billion: Report,"Coach parent Tapestry will buy Michael Kors owner Capri Holdings for $8.5 billion, creating a top US fashion house, The Wall Street Journal reported. Tapestry will pay Capri shareholders $57 per share in cash, representing a premium of nearly 65%. Capri's shares were trading at $54.90 before the bell on Thursday. Tapestry's shares were down 2%.",Srishty Choudhury, 12:41 pm,"Thursday, 10 August, 2023",fashion
UK fashion brand Superdry gets $32 mn funding for turnaround plan,"British fashion company Superdry has secured additional funding of up to £25 million (around $32 million) from restructuring specialist Hilco Capital. The struggling brand, whose shares have dipped about 44% this year, will use the funding to boost its turnaround plan. This comes after Superdry already secured an asset-backed lending facility worth £80 million from Bantry Bay Capital.",Mansi Agarwal, 05:39 pm,"Monday, 7 August, 2023",fashion
Salman Khan seen in hot pink pants in viral picture; people react,"Salman Khan attended his brother Arbaaz's birthday bash wearing a grey shirt paired with a black T-shirt and hot pink pants. After the actor's picture went viral, social media users wrote, ""Bhairbie,"" and ""If Indian Barbie was to be made, Salman would play Ken."" ""Who said men can’t wear pink,"" another user wrote.",Ankush Verma, 07:22 am,"Saturday, 5 August, 2023",fashion
Beauty queen Ariana Viera dies aged 26 after car crash in US,"Venezuelan beauty queen Ariana Viera, who fought for life in a hospital after sustaining injuries in a car crash, has died aged 26 in US. Viera's car collided with a truck in Orlando last month after she fell asleep behind the wheel. She was due to represent Venezuela at the Miss Latin America of the World 2023 competition in October.",Ankush Verma, 11:14 am,"Thursday, 3 August, 2023",fashion
"Athiya walks ramp for Anamika Khanna; Suniel, KL Rahul share video","Bollywood actress Athiya Shetty turned showstopper for designer Anamika Khanna at India Couture Week 2023. Actor Suniel Shetty shared a video, which referred to Athiya as the ""desi"" version of Gigi Hadid, Bella Hadid and Kendall Jenner. The actress' husband and cricketer KL Rahul shared a video of Athiya on his Instagram Stories and wrote, ""My stunning wife."" ",Kameshwari, 09:31 am,"Monday, 31 July, 2023",fashion
My father loved fashion; wife Alia 'dresses cool': Ranbir Kapoor,"Ranbir Kapoor, who recently walked the ramp for designer Kunal Rawal, called Amitabh Bachchan, Shah Rukh Khan and Saif Ali Khan his ""fashion inspirations"". He mentioned how his father Rishi Kapoor loved fashion and would ""shop wherever he was travelling abroad"". ""He's definitely a [fashion] icon to me...I'll say my wife Alia [Bhatt too]. She dresses cool,"" Ranbir shared.",Kameshwari, 10:05 am,"Sunday, 30 July, 2023",fashion
"Akshata Murty, Rishi Sunak's wife, tops 2023 list of Britain's best dressed people","Akshata Murty, wife of British Prime Minister Rishi Sunak and daughter of Infosys Co-founder NR Narayana Murthy, has claimed the top spot in Britain's best-dressed 2023 list compiled by Tatler magazine. The list also featured Canadian businesswoman Yana Peel, Lady Dalmeny, Princess Beatrice's husband Edoardo Mapelli Mozzi and actor Bill Nighy. Akshata has her own fashion label, Akshata Designs.",Shreyasi Banerjee, 11:10 am,"Saturday, 29 July, 2023",fashion
"Ranbir Kapoor walks the runway at India Couture Week, pics of his fusion outfit go viral","Actor Ranbir Kapoor walked the runway as showstopper for designer Kunal Rawal at India Couture Week 2023. The actor wore a black fusion style outfit from Kunal's 'Dhup Chao' collection. ""I love Rawal's creations, they are so comfortable and versatile. He is like my go-to person always, whether it's a function or red carpet, I like his ensembles,"" said Ranbir.",Daisy Mowke, 03:14 am,"Saturday, 29 July, 2023",fashion
NEP to be withdrawn from next academic year: Karnataka CM,"Karnataka CM Siddaramaiah on Monday said the National Education Policy (NEP) 2020 will be withdrawn from the state's higher education institutions from the next academic year. ""The BJP has sacrificed the interest of the students of the country by implementing NEP for the first time in the state without implementing it in the country,"" he said. ",Nakul Ahuja, 01:13 pm,"Monday, 14 August, 2023",education
"We can remove NEET: Tamil Nadu CM Stalin after 19-yr-old student, father die by suicide","After a 19-year-old NEET aspirant and his father died by suicide, Tamil Nadu CM MK Stalin said, ""We can remove NEET which proves to be an obstacle to your goals. Tamil Nadu government is working vigorously towards that."" Stating that students should have confidence, Stalin added, ""Don't have suicidal thoughts. Don't think of losing your life in any situation.""",Arshiya Chopra, 10:22 am,"Monday, 14 August, 2023",education
"Shankar Mahadevan, Sudha Murty on panel to develop NCERT books, syllabus",Author and philanthropist Sudha Murty and singer Shankar Mahadevan are part of a 19-member panel set up by the NCERT to revise textbooks. The National Syllabus and Teaching Learning Material Committee will develop textbooks for classes 3 to 12. A controversy erupted over the dropping of several topics and portions from NCERT textbooks in May.,Deepika Bhatt, 01:20 pm,"Saturday, 12 August, 2023",education
Ex-student arrested after 18-yr-old falls to death from Jadavpur University hostel,"A former Jadavpur University student has been arrested for allegedly ragging Swapnadip Kundu, an 18-year-old undergraduate student who fell to his death from the main hostel, police said. The arrested accused was identified as Sourabh Chowdhury, who did his MSc in Mathematics in 2022. He was arrested after the deceased's father lodged an FIR against him, police added. ",Shalini Ojha, 06:20 am,"Saturday, 12 August, 2023",education
Seats filling fast for Extended Reality Certificate Program: Hero Vired,"Hero Vired in collaboration with Snapchat and Unreal Engine has launched a Certificate Program in Extended Reality (AR+VR). Learners will master a variety of tools like Unreal Game Engine, Oculus, and more, said Hero Vired, adding, learners will have the opportunity to learn from Unreal Authorised Instructors and SNAP Ambassadors. Individuals with no coding knowledge are also eligible to apply.",Roshan Gupta, 04:30 am,"Friday, 11 August, 2023",education
Indians among 500 students stuck as Canada college revokes admissions,"At least 500 students, including Indians, are stuck after a Canadian college reportedly revoked their acceptance letters. The Northern College, located in Canada's Ontario province, revoked the admission offers a month before the start of school, reports claimed. The college said the problem was caused by Canadian authorities approving more visas for international students than expected.",Disha Jana, 05:12 pm,"Thursday, 10 August, 2023",education
Want him to excel at what he chooses: Vendor whose son left IIT seat for Computer Science,"Sujal Singh, a Noida-based towel seller's son, gave up his IIT-Delhi seat after getting into the civil engineering department, to pursue Computer Science from Delhi Technological University (DTU). Sujal's father Balwant, while talking about his son's decision, said, ""I want to see [my kids] excel at what they choose."" Sujal scored 99.5 percentile in JEE Main exam.",Sakshita Khosla, 03:23 pm,"Thursday, 10 August, 2023",education
IIM Amendment Bill passed by the Parliament,"The Rajya Sabha on Tuesday passed the IIM (Amendment) Bill, 2023, which was passed by the Lok Sabha on August 4. It proposes to appoint the President as the visitor to all the IIMs, with powers to audit their functioning, order investigations and appoint and remove Directors. It also proposes to designate all the IIMs as 'Institutions of National Importance'.",Sakshita Khosla, 12:24 pm,"Tuesday, 8 August, 2023",education
22-year-old student dies by suicide 12 days after joining IIT-Hyderabad,"A 22-year-old postgraduate student of the Indian Institute of Technology, Hyderabad, identified as Mamitha Naik, died by alleged suicide in her hostel room on Monday, police said, adding that a suicide note was recovered. She belonged to Odisha and moved into the hostel on July 26. ""We believe she was depressed,"" an officer from Sangareddy Rural Police Station said. ",Shalini Ojha, 07:23 am,"Tuesday, 8 August, 2023",education
"Income Tax Dept to hire 50 young law, accountancy grads at ₹40,000/month","The Income Tax Department has decided to temporarily hire 50 young law and chartered accountancy graduates. They will help departmental officers in preparing legal cases being contested before the Income Tax Appellate Tribunal (ITAT). The candidates, not exceeding 35 years of age, will be hired at a monthly remuneration of ₹40,000 at various field offices of the department.",Pragya Swastik, 01:16 pm,"Monday, 7 August, 2023",education
